opponent,games,wins,losses,draws,win_rate,port_wins,port_losses,avg_turns,avg_assets,avg_opponent_assets
Merchant,1000,911,88,1,0.911000,890,74,8.342000,74.642000,10.106000
Privateer,1000,302,697,1,0.302000,281,646,9.433000,26.301000,43.532000
Builder,1000,860,140,0,0.860000,838,108,9.126000,65.343000,12.290000
Admiral,1000,815,185,0,0.815000,781,153,9.225000,61.643000,15.028000
Opportunist,1000,706,294,0,0.706000,670,244,9.555000,54.225000,21.249000
Human Shadow,1000,636,363,1,0.636000,605,328,9.224000,49.771000,25.067000
Port Reaper,1000,3,997,0,0.003000,3,966,8.002000,7.032000,74.449000
Harbor Lock,1000,363,636,1,0.363000,331,604,9.404000,34.238000,64.682000
Corsair Spark,1000,507,493,0,0.507000,480,457,8.912000,52.946000,52.092000
