opponent,games,wins,losses,draws,win_rate,port_wins,port_losses,avg_turns,avg_assets,avg_opponent_assets
Merchant,1000,932,68,0,0.932000,871,32,9.702000,88.714000,7.400000
Privateer,1000,497,503,0,0.497000,303,406,10.832000,45.426000,26.258000
Builder,1000,884,116,0,0.884000,731,44,10.566000,81.557000,8.762000
Admiral,1000,853,145,2,0.853000,719,79,10.446000,79.300000,10.061000
Opportunist,1000,774,226,0,0.774000,596,144,10.759000,71.779000,14.228000
Human Shadow,1000,738,262,0,0.738000,628,222,10.262000,68.132000,15.990000
Port Reaper,1000,69,931,0,0.069000,28,908,8.406000,9.696000,47.413000
Harbor Lock,1000,496,504,0,0.496000,303,303,11.293000,55.413000,56.641000
Corsair Spark,1000,634,365,1,0.634000,591,348,9.517000,65.637000,34.934000
